<?xml version="1.0" encoding="utf-8" ?>
<access component="com_getbible">
	<section name="component">
		<action name="core.admin" title="JACTION_ADMIN" description="JACTION_ADMIN_COMPONENT_DESC" />
		<action name="core.options" title="JACTION_OPTIONS" description="JACTION_OPTIONS_COMPONENT_DESC" />
		<action name="core.manage" title="JACTION_MANAGE" description="JACTION_MANAGE_COMPONENT_DESC" />
		<action name="core.batch" title="COM_GETBIBLE_USE_BATCH" description="COM_GETBIBLE_USE_BATCH_DESC" />
		<action name="core.version" title="COM_GETBIBLE_EDIT_VERSIONS" description="COM_GETBIBLE_EDIT_VERSIONS_DESC" />
		<action name="core.create" title="JACTION_CREATE" description="JACTION_CREATE_COMPONENT_DESC" />
		<action name="core.delete" title="JACTION_DELETE" description="JACTION_DELETE_COMPONENT_DESC" />
		<action name="core.edit" title="JACTION_EDIT" description="JACTION_EDIT_COMPONENT_DESC" />
		<action name="core.edit.state" title="JACTION_EDITSTATE" description="JACTION_ACCESS_EDITSTATE_DESC" />
		<action name="core.edit.own" title="JACTION_EDITOWN" description="JACTION_EDITOWN_COMPONENT_DESC" />
		<action name="core.edit.created_by" title="COM_GETBIBLE_EDIT_CREATED_BY" description="COM_GETBIBLE_EDIT_CREATED_BY_DESC" />
		<action name="core.edit.created" title="COM_GETBIBLE_EDIT_CREATED_DATE" description="COM_GETBIBLE_EDIT_CREATED_DATE_DESC" />
		<action name="book.update_chapters_names" title="COM_GETBIBLE_BOOK_UPDATE_CHAPTERS_NAMES_BUTTON_ACCESS" description="COM_GETBIBLE_BOOK_UPDATE_CHAPTERS_NAMES_BUTTON_ACCESS_DESC" />
		<action name="book.access" title="COM_GETBIBLE_BOOKS_ACCESS" description="COM_GETBIBLE_BOOKS_ACCESS_DESC" />
		<action name="book.batch" title="COM_GETBIBLE_BOOKS_BATCH_USE" description="COM_GETBIBLE_BOOKS_BATCH_USE_DESC" />
		<action name="book.create" title="COM_GETBIBLE_BOOKS_CREATE" description="COM_GETBIBLE_BOOKS_CREATE_DESC" />
		<action name="book.dashboard_list" title="COM_GETBIBLE_BOOKS_DASHBOARD_LIST" description="COM_GETBIBLE_BOOKS_DASHBOARD_LIST_DESC" />
		<action name="book.delete" title="COM_GETBIBLE_BOOKS_DELETE" description="COM_GETBIBLE_BOOKS_DELETE_DESC" />
		<action name="book.edit" title="COM_GETBIBLE_BOOKS_EDIT" description="COM_GETBIBLE_BOOKS_EDIT_DESC" />
		<action name="book.edit.abbreviation" title="COM_GETBIBLE_BOOKS_EDIT_ABBREVIATION" description="COM_GETBIBLE_BOOKS_EDIT_ABBREVIATION_DESC" />
		<action name="book.edit.created_by" title="COM_GETBIBLE_BOOKS_EDIT_CREATED_BY" description="COM_GETBIBLE_BOOKS_EDIT_CREATED_BY_DESC" />
		<action name="book.edit.created" title="COM_GETBIBLE_BOOKS_EDIT_CREATED_DATE" description="COM_GETBIBLE_BOOKS_EDIT_CREATED_DATE_DESC" />
		<action name="book.edit.name" title="COM_GETBIBLE_BOOKS_EDIT_NAME" description="COM_GETBIBLE_BOOKS_EDIT_NAME_DESC" />
		<action name="book.edit.nr" title="COM_GETBIBLE_BOOKS_EDIT_NR" description="COM_GETBIBLE_BOOKS_EDIT_NR_DESC" />
		<action name="book.edit.own" title="COM_GETBIBLE_BOOKS_EDIT_OWN" description="COM_GETBIBLE_BOOKS_EDIT_OWN_DESC" />
		<action name="book.edit.sha" title="COM_GETBIBLE_BOOKS_EDIT_SHA" description="COM_GETBIBLE_BOOKS_EDIT_SHA_DESC" />
		<action name="book.edit.state" title="COM_GETBIBLE_BOOKS_EDIT_STATE" description="COM_GETBIBLE_BOOKS_EDIT_STATE_DESC" />
		<action name="book.submenu" title="COM_GETBIBLE_BOOKS_SUBMENU" description="COM_GETBIBLE_BOOKS_SUBMENU_DESC" />
		<action name="chapter.access" title="COM_GETBIBLE_CHAPTERS_ACCESS" description="COM_GETBIBLE_CHAPTERS_ACCESS_DESC" />
		<action name="chapter.batch" title="COM_GETBIBLE_CHAPTERS_BATCH_USE" description="COM_GETBIBLE_CHAPTERS_BATCH_USE_DESC" />
		<action name="chapter.create" title="COM_GETBIBLE_CHAPTERS_CREATE" description="COM_GETBIBLE_CHAPTERS_CREATE_DESC" />
		<action name="chapter.dashboard_list" title="COM_GETBIBLE_CHAPTERS_DASHBOARD_LIST" description="COM_GETBIBLE_CHAPTERS_DASHBOARD_LIST_DESC" />
		<action name="chapter.delete" title="COM_GETBIBLE_CHAPTERS_DELETE" description="COM_GETBIBLE_CHAPTERS_DELETE_DESC" />
		<action name="chapter.edit" title="COM_GETBIBLE_CHAPTERS_EDIT" description="COM_GETBIBLE_CHAPTERS_EDIT_DESC" />
		<action name="chapter.edit.abbreviation" title="COM_GETBIBLE_CHAPTERS_EDIT_ABBREVIATION" description="COM_GETBIBLE_CHAPTERS_EDIT_ABBREVIATION_DESC" />
		<action name="chapter.edit.book_nr" title="COM_GETBIBLE_CHAPTERS_EDIT_BOOK_NR" description="COM_GETBIBLE_CHAPTERS_EDIT_BOOK_NR_DESC" />
		<action name="chapter.edit.chapter" title="COM_GETBIBLE_CHAPTERS_EDIT_CHAPTER" description="COM_GETBIBLE_CHAPTERS_EDIT_CHAPTER_DESC" />
		<action name="chapter.edit.created_by" title="COM_GETBIBLE_CHAPTERS_EDIT_CREATED_BY" description="COM_GETBIBLE_CHAPTERS_EDIT_CREATED_BY_DESC" />
		<action name="chapter.edit.created" title="COM_GETBIBLE_CHAPTERS_EDIT_CREATED_DATE" description="COM_GETBIBLE_CHAPTERS_EDIT_CREATED_DATE_DESC" />
		<action name="chapter.edit.name" title="COM_GETBIBLE_CHAPTERS_EDIT_NAME" description="COM_GETBIBLE_CHAPTERS_EDIT_NAME_DESC" />
		<action name="chapter.edit.own" title="COM_GETBIBLE_CHAPTERS_EDIT_OWN" description="COM_GETBIBLE_CHAPTERS_EDIT_OWN_DESC" />
		<action name="chapter.edit.sha" title="COM_GETBIBLE_CHAPTERS_EDIT_SHA" description="COM_GETBIBLE_CHAPTERS_EDIT_SHA_DESC" />
		<action name="chapter.edit.state" title="COM_GETBIBLE_CHAPTERS_EDIT_STATE" description="COM_GETBIBLE_CHAPTERS_EDIT_STATE_DESC" />
		<action name="chapter.submenu" title="COM_GETBIBLE_CHAPTERS_SUBMENU" description="COM_GETBIBLE_CHAPTERS_SUBMENU_DESC" />
		<action name="linker.access" title="COM_GETBIBLE_LINKERS_ACCESS" description="COM_GETBIBLE_LINKERS_ACCESS_DESC" />
		<action name="linker.batch" title="COM_GETBIBLE_LINKERS_BATCH_USE" description="COM_GETBIBLE_LINKERS_BATCH_USE_DESC" />
		<action name="linker.create" title="COM_GETBIBLE_LINKERS_CREATE" description="COM_GETBIBLE_LINKERS_CREATE_DESC" />
		<action name="linker.dashboard_list" title="COM_GETBIBLE_LINKERS_DASHBOARD_LIST" description="COM_GETBIBLE_LINKERS_DASHBOARD_LIST_DESC" />
		<action name="linker.delete" title="COM_GETBIBLE_LINKERS_DELETE" description="COM_GETBIBLE_LINKERS_DELETE_DESC" />
		<action name="linker.edit" title="COM_GETBIBLE_LINKERS_EDIT" description="COM_GETBIBLE_LINKERS_EDIT_DESC" />
		<action name="linker.edit.created_by" title="COM_GETBIBLE_LINKERS_EDIT_CREATED_BY" description="COM_GETBIBLE_LINKERS_EDIT_CREATED_BY_DESC" />
		<action name="linker.edit.created" title="COM_GETBIBLE_LINKERS_EDIT_CREATED_DATE" description="COM_GETBIBLE_LINKERS_EDIT_CREATED_DATE_DESC" />
		<action name="linker.edit.guid" title="COM_GETBIBLE_LINKERS_EDIT_GUID" description="COM_GETBIBLE_LINKERS_EDIT_GUID_DESC" />
		<action name="linker.edit.name" title="COM_GETBIBLE_LINKERS_EDIT_NAME" description="COM_GETBIBLE_LINKERS_EDIT_NAME_DESC" />
		<action name="linker.edit.own" title="COM_GETBIBLE_LINKERS_EDIT_OWN" description="COM_GETBIBLE_LINKERS_EDIT_OWN_DESC" />
		<action name="linker.edit.public_notes" title="COM_GETBIBLE_LINKERS_EDIT_PUBLIC_NOTES" description="COM_GETBIBLE_LINKERS_EDIT_PUBLIC_NOTES_DESC" />
		<action name="linker.edit.public_tagged_verses" title="COM_GETBIBLE_LINKERS_EDIT_PUBLIC_TAGGED_VERSES" description="COM_GETBIBLE_LINKERS_EDIT_PUBLIC_TAGGED_VERSES_DESC" />
		<action name="linker.edit.state" title="COM_GETBIBLE_LINKERS_EDIT_STATE" description="COM_GETBIBLE_LINKERS_EDIT_STATE_DESC" />
		<action name="linker.submenu" title="COM_GETBIBLE_LINKERS_SUBMENU" description="COM_GETBIBLE_LINKERS_SUBMENU_DESC" />
		<action name="note.access" title="COM_GETBIBLE_NOTES_ACCESS" description="COM_GETBIBLE_NOTES_ACCESS_DESC" />
		<action name="note.batch" title="COM_GETBIBLE_NOTES_BATCH_USE" description="COM_GETBIBLE_NOTES_BATCH_USE_DESC" />
		<action name="note.create" title="COM_GETBIBLE_NOTES_CREATE" description="COM_GETBIBLE_NOTES_CREATE_DESC" />
		<action name="note.dashboard_list" title="COM_GETBIBLE_NOTES_DASHBOARD_LIST" description="COM_GETBIBLE_NOTES_DASHBOARD_LIST_DESC" />
		<action name="note.delete" title="COM_GETBIBLE_NOTES_DELETE" description="COM_GETBIBLE_NOTES_DELETE_DESC" />
		<action name="note.edit" title="COM_GETBIBLE_NOTES_EDIT" description="COM_GETBIBLE_NOTES_EDIT_DESC" />
		<action name="note.edit.access" title="COM_GETBIBLE_NOTES_EDIT_ACCESS" description="COM_GETBIBLE_NOTES_EDIT_ACCESS_DESC" />
		<action name="note.edit.book_nr" title="COM_GETBIBLE_NOTES_EDIT_BOOK_NR" description="COM_GETBIBLE_NOTES_EDIT_BOOK_NR_DESC" />
		<action name="note.edit.chapter" title="COM_GETBIBLE_NOTES_EDIT_CHAPTER" description="COM_GETBIBLE_NOTES_EDIT_CHAPTER_DESC" />
		<action name="note.edit.created_by" title="COM_GETBIBLE_NOTES_EDIT_CREATED_BY" description="COM_GETBIBLE_NOTES_EDIT_CREATED_BY_DESC" />
		<action name="note.edit.created" title="COM_GETBIBLE_NOTES_EDIT_CREATED_DATE" description="COM_GETBIBLE_NOTES_EDIT_CREATED_DATE_DESC" />
		<action name="note.edit.guid" title="COM_GETBIBLE_NOTES_EDIT_GUID" description="COM_GETBIBLE_NOTES_EDIT_GUID_DESC" />
		<action name="note.edit.linker" title="COM_GETBIBLE_NOTES_EDIT_LINKER" description="COM_GETBIBLE_NOTES_EDIT_LINKER_DESC" />
		<action name="note.edit.note" title="COM_GETBIBLE_NOTES_EDIT_NOTE" description="COM_GETBIBLE_NOTES_EDIT_NOTE_DESC" />
		<action name="note.edit.own" title="COM_GETBIBLE_NOTES_EDIT_OWN" description="COM_GETBIBLE_NOTES_EDIT_OWN_DESC" />
		<action name="note.edit.state" title="COM_GETBIBLE_NOTES_EDIT_STATE" description="COM_GETBIBLE_NOTES_EDIT_STATE_DESC" />
		<action name="note.edit.verse" title="COM_GETBIBLE_NOTES_EDIT_VERSE" description="COM_GETBIBLE_NOTES_EDIT_VERSE_DESC" />
		<action name="note.version" title="COM_GETBIBLE_NOTES_EDIT_VERSION" description="COM_GETBIBLE_NOTES_EDIT_VERSION_DESC" />
		<action name="note.submenu" title="COM_GETBIBLE_NOTES_SUBMENU" description="COM_GETBIBLE_NOTES_SUBMENU_DESC" />
		<action name="open_ai_message.access" title="COM_GETBIBLE_OPEN_AI_MESSAGES_ACCESS" description="COM_GETBIBLE_OPEN_AI_MESSAGES_ACCESS_DESC" />
		<action name="open_ai_message.batch" title="COM_GETBIBLE_OPEN_AI_MESSAGES_BATCH_USE" description="COM_GETBIBLE_OPEN_AI_MESSAGES_BATCH_USE_DESC" />
		<action name="open_ai_message.create" title="COM_GETBIBLE_OPEN_AI_MESSAGES_CREATE" description="COM_GETBIBLE_OPEN_AI_MESSAGES_CREATE_DESC" />
		<action name="open_ai_message.delete" title="COM_GETBIBLE_OPEN_AI_MESSAGES_DELETE" description="COM_GETBIBLE_OPEN_AI_MESSAGES_DELETE_DESC" />
		<action name="open_ai_message.edit" title="COM_GETBIBLE_OPEN_AI_MESSAGES_EDIT" description="COM_GETBIBLE_OPEN_AI_MESSAGES_EDIT_DESC" />
		<action name="open_ai_message.edit.content" title="COM_GETBIBLE_OPEN_AI_MESSAGES_EDIT_CONTENT" description="COM_GETBIBLE_OPEN_AI_MESSAGES_EDIT_CONTENT_DESC" />
		<action name="open_ai_message.edit.created_by" title="COM_GETBIBLE_OPEN_AI_MESSAGES_EDIT_CREATED_BY" description="COM_GETBIBLE_OPEN_AI_MESSAGES_EDIT_CREATED_BY_DESC" />
		<action name="open_ai_message.edit.created" title="COM_GETBIBLE_OPEN_AI_MESSAGES_EDIT_CREATED_DATE" description="COM_GETBIBLE_OPEN_AI_MESSAGES_EDIT_CREATED_DATE_DESC" />
		<action name="open_ai_message.edit.index" title="COM_GETBIBLE_OPEN_AI_MESSAGES_EDIT_INDEX" description="COM_GETBIBLE_OPEN_AI_MESSAGES_EDIT_INDEX_DESC" />
		<action name="open_ai_message.edit.name" title="COM_GETBIBLE_OPEN_AI_MESSAGES_EDIT_NAME" description="COM_GETBIBLE_OPEN_AI_MESSAGES_EDIT_NAME_DESC" />
		<action name="open_ai_message.edit.open_ai_response" title="COM_GETBIBLE_OPEN_AI_MESSAGES_EDIT_OPEN_AI_RESPONSE" description="COM_GETBIBLE_OPEN_AI_MESSAGES_EDIT_OPEN_AI_RESPONSE_DESC" />
		<action name="open_ai_message.edit.own" title="COM_GETBIBLE_OPEN_AI_MESSAGES_EDIT_OWN" description="COM_GETBIBLE_OPEN_AI_MESSAGES_EDIT_OWN_DESC" />
		<action name="open_ai_message.edit.prompt" title="COM_GETBIBLE_OPEN_AI_MESSAGES_EDIT_PROMPT" description="COM_GETBIBLE_OPEN_AI_MESSAGES_EDIT_PROMPT_DESC" />
		<action name="open_ai_message.edit.role" title="COM_GETBIBLE_OPEN_AI_MESSAGES_EDIT_ROLE" description="COM_GETBIBLE_OPEN_AI_MESSAGES_EDIT_ROLE_DESC" />
		<action name="open_ai_message.edit.source" title="COM_GETBIBLE_OPEN_AI_MESSAGES_EDIT_SOURCE" description="COM_GETBIBLE_OPEN_AI_MESSAGES_EDIT_SOURCE_DESC" />
		<action name="open_ai_message.edit.state" title="COM_GETBIBLE_OPEN_AI_MESSAGES_EDIT_STATE" description="COM_GETBIBLE_OPEN_AI_MESSAGES_EDIT_STATE_DESC" />
		<action name="open_ai_message.version" title="COM_GETBIBLE_OPEN_AI_MESSAGES_EDIT_VERSION" description="COM_GETBIBLE_OPEN_AI_MESSAGES_EDIT_VERSION_DESC" />
		<action name="open_ai_response.access" title="COM_GETBIBLE_OPEN_AI_RESPONSES_ACCESS" description="COM_GETBIBLE_OPEN_AI_RESPONSES_ACCESS_DESC" />
		<action name="open_ai_response.batch" title="COM_GETBIBLE_OPEN_AI_RESPONSES_BATCH_USE" description="COM_GETBIBLE_OPEN_AI_RESPONSES_BATCH_USE_DESC" />
		<action name="open_ai_response.create" title="COM_GETBIBLE_OPEN_AI_RESPONSES_CREATE" description="COM_GETBIBLE_OPEN_AI_RESPONSES_CREATE_DESC" />
		<action name="open_ai_response.dashboard_list" title="COM_GETBIBLE_OPEN_AI_RESPONSES_DASHBOARD_LIST" description="COM_GETBIBLE_OPEN_AI_RESPONSES_DASHBOARD_LIST_DESC" />
		<action name="open_ai_response.delete" title="COM_GETBIBLE_OPEN_AI_RESPONSES_DELETE" description="COM_GETBIBLE_OPEN_AI_RESPONSES_DELETE_DESC" />
		<action name="open_ai_response.edit" title="COM_GETBIBLE_OPEN_AI_RESPONSES_EDIT" description="COM_GETBIBLE_OPEN_AI_RESPONSES_EDIT_DESC" />
		<action name="open_ai_response.edit.abbreviation" title="COM_GETBIBLE_OPEN_AI_RESPONSES_EDIT_ABBREVIATION" description="COM_GETBIBLE_OPEN_AI_RESPONSES_EDIT_ABBREVIATION_DESC" />
		<action name="open_ai_response.edit.book" title="COM_GETBIBLE_OPEN_AI_RESPONSES_EDIT_BOOK" description="COM_GETBIBLE_OPEN_AI_RESPONSES_EDIT_BOOK_DESC" />
		<action name="open_ai_response.edit.chapter" title="COM_GETBIBLE_OPEN_AI_RESPONSES_EDIT_CHAPTER" description="COM_GETBIBLE_OPEN_AI_RESPONSES_EDIT_CHAPTER_DESC" />
		<action name="open_ai_response.edit.completion_tokens" title="COM_GETBIBLE_OPEN_AI_RESPONSES_EDIT_COMPLETION_TOKENS" description="COM_GETBIBLE_OPEN_AI_RESPONSES_EDIT_COMPLETION_TOKENS_DESC" />
		<action name="open_ai_response.edit.created_by" title="COM_GETBIBLE_OPEN_AI_RESPONSES_EDIT_CREATED_BY" description="COM_GETBIBLE_OPEN_AI_RESPONSES_EDIT_CREATED_BY_DESC" />
		<action name="open_ai_response.edit.created" title="COM_GETBIBLE_OPEN_AI_RESPONSES_EDIT_CREATED_DATE" description="COM_GETBIBLE_OPEN_AI_RESPONSES_EDIT_CREATED_DATE_DESC" />
		<action name="open_ai_response.edit.frequency_penalty" title="COM_GETBIBLE_OPEN_AI_RESPONSES_EDIT_FREQUENCY_PENALTY" description="COM_GETBIBLE_OPEN_AI_RESPONSES_EDIT_FREQUENCY_PENALTY_DESC" />
		<action name="open_ai_response.edit.language" title="COM_GETBIBLE_OPEN_AI_RESPONSES_EDIT_LANGUAGE" description="COM_GETBIBLE_OPEN_AI_RESPONSES_EDIT_LANGUAGE_DESC" />
		<action name="open_ai_response.edit.lcsh" title="COM_GETBIBLE_OPEN_AI_RESPONSES_EDIT_LCSH" description="COM_GETBIBLE_OPEN_AI_RESPONSES_EDIT_LCSH_DESC" />
		<action name="open_ai_response.edit.max_tokens" title="COM_GETBIBLE_OPEN_AI_RESPONSES_EDIT_MAX_TOKENS" description="COM_GETBIBLE_OPEN_AI_RESPONSES_EDIT_MAX_TOKENS_DESC" />
		<action name="open_ai_response.edit.model" title="COM_GETBIBLE_OPEN_AI_RESPONSES_EDIT_MODEL" description="COM_GETBIBLE_OPEN_AI_RESPONSES_EDIT_MODEL_DESC" />
		<action name="open_ai_response.edit.n" title="COM_GETBIBLE_OPEN_AI_RESPONSES_EDIT_N" description="COM_GETBIBLE_OPEN_AI_RESPONSES_EDIT_N_DESC" />
		<action name="open_ai_response.edit.own" title="COM_GETBIBLE_OPEN_AI_RESPONSES_EDIT_OWN" description="COM_GETBIBLE_OPEN_AI_RESPONSES_EDIT_OWN_DESC" />
		<action name="open_ai_response.edit.presence_penalty" title="COM_GETBIBLE_OPEN_AI_RESPONSES_EDIT_PRESENCE_PENALTY" description="COM_GETBIBLE_OPEN_AI_RESPONSES_EDIT_PRESENCE_PENALTY_DESC" />
		<action name="open_ai_response.edit.prompt" title="COM_GETBIBLE_OPEN_AI_RESPONSES_EDIT_PROMPT" description="COM_GETBIBLE_OPEN_AI_RESPONSES_EDIT_PROMPT_DESC" />
		<action name="open_ai_response.edit.prompt_tokens" title="COM_GETBIBLE_OPEN_AI_RESPONSES_EDIT_PROMPT_TOKENS" description="COM_GETBIBLE_OPEN_AI_RESPONSES_EDIT_PROMPT_TOKENS_DESC" />
		<action name="open_ai_response.edit.response_created" title="COM_GETBIBLE_OPEN_AI_RESPONSES_EDIT_RESPONSE_CREATED" description="COM_GETBIBLE_OPEN_AI_RESPONSES_EDIT_RESPONSE_CREATED_DESC" />
		<action name="open_ai_response.edit.response_id" title="COM_GETBIBLE_OPEN_AI_RESPONSES_EDIT_RESPONSE_ID" description="COM_GETBIBLE_OPEN_AI_RESPONSES_EDIT_RESPONSE_ID_DESC" />
		<action name="open_ai_response.edit.response_model" title="COM_GETBIBLE_OPEN_AI_RESPONSES_EDIT_RESPONSE_MODEL" description="COM_GETBIBLE_OPEN_AI_RESPONSES_EDIT_RESPONSE_MODEL_DESC" />
		<action name="open_ai_response.edit.response_object" title="COM_GETBIBLE_OPEN_AI_RESPONSES_EDIT_RESPONSE_OBJECT" description="COM_GETBIBLE_OPEN_AI_RESPONSES_EDIT_RESPONSE_OBJECT_DESC" />
		<action name="open_ai_response.edit.selected_word" title="COM_GETBIBLE_OPEN_AI_RESPONSES_EDIT_SELECTED_WORD" description="COM_GETBIBLE_OPEN_AI_RESPONSES_EDIT_SELECTED_WORD_DESC" />
		<action name="open_ai_response.edit.state" title="COM_GETBIBLE_OPEN_AI_RESPONSES_EDIT_STATE" description="COM_GETBIBLE_OPEN_AI_RESPONSES_EDIT_STATE_DESC" />
		<action name="open_ai_response.edit.temperature" title="COM_GETBIBLE_OPEN_AI_RESPONSES_EDIT_TEMPERATURE" description="COM_GETBIBLE_OPEN_AI_RESPONSES_EDIT_TEMPERATURE_DESC" />
		<action name="open_ai_response.edit.top_p" title="COM_GETBIBLE_OPEN_AI_RESPONSES_EDIT_TOP_P" description="COM_GETBIBLE_OPEN_AI_RESPONSES_EDIT_TOP_P_DESC" />
		<action name="open_ai_response.edit.total_tokens" title="COM_GETBIBLE_OPEN_AI_RESPONSES_EDIT_TOTAL_TOKENS" description="COM_GETBIBLE_OPEN_AI_RESPONSES_EDIT_TOTAL_TOKENS_DESC" />
		<action name="open_ai_response.edit.verse" title="COM_GETBIBLE_OPEN_AI_RESPONSES_EDIT_VERSE" description="COM_GETBIBLE_OPEN_AI_RESPONSES_EDIT_VERSE_DESC" />
		<action name="open_ai_response.version" title="COM_GETBIBLE_OPEN_AI_RESPONSES_EDIT_VERSION" description="COM_GETBIBLE_OPEN_AI_RESPONSES_EDIT_VERSION_DESC" />
		<action name="open_ai_response.edit.word" title="COM_GETBIBLE_OPEN_AI_RESPONSES_EDIT_WORD" description="COM_GETBIBLE_OPEN_AI_RESPONSES_EDIT_WORD_DESC" />
		<action name="open_ai_response.submenu" title="COM_GETBIBLE_OPEN_AI_RESPONSES_SUBMENU" description="COM_GETBIBLE_OPEN_AI_RESPONSES_SUBMENU_DESC" />
		<action name="password.access" title="COM_GETBIBLE_PASSWORDS_ACCESS" description="COM_GETBIBLE_PASSWORDS_ACCESS_DESC" />
		<action name="password.access.password" title="COM_GETBIBLE_PASSWORDS_ACCESS_PASSWORD" description="COM_GETBIBLE_PASSWORDS_ACCESS_PASSWORD_DESC" />
		<action name="password.batch" title="COM_GETBIBLE_PASSWORDS_BATCH_USE" description="COM_GETBIBLE_PASSWORDS_BATCH_USE_DESC" />
		<action name="password.create" title="COM_GETBIBLE_PASSWORDS_CREATE" description="COM_GETBIBLE_PASSWORDS_CREATE_DESC" />
		<action name="password.delete" title="COM_GETBIBLE_PASSWORDS_DELETE" description="COM_GETBIBLE_PASSWORDS_DELETE_DESC" />
		<action name="password.edit" title="COM_GETBIBLE_PASSWORDS_EDIT" description="COM_GETBIBLE_PASSWORDS_EDIT_DESC" />
		<action name="password.edit.created_by" title="COM_GETBIBLE_PASSWORDS_EDIT_CREATED_BY" description="COM_GETBIBLE_PASSWORDS_EDIT_CREATED_BY_DESC" />
		<action name="password.edit.created" title="COM_GETBIBLE_PASSWORDS_EDIT_CREATED_DATE" description="COM_GETBIBLE_PASSWORDS_EDIT_CREATED_DATE_DESC" />
		<action name="password.edit.guid" title="COM_GETBIBLE_PASSWORDS_EDIT_GUID" description="COM_GETBIBLE_PASSWORDS_EDIT_GUID_DESC" />
		<action name="password.edit.linker" title="COM_GETBIBLE_PASSWORDS_EDIT_LINKER" description="COM_GETBIBLE_PASSWORDS_EDIT_LINKER_DESC" />
		<action name="password.edit.name" title="COM_GETBIBLE_PASSWORDS_EDIT_NAME" description="COM_GETBIBLE_PASSWORDS_EDIT_NAME_DESC" />
		<action name="password.edit.own" title="COM_GETBIBLE_PASSWORDS_EDIT_OWN" description="COM_GETBIBLE_PASSWORDS_EDIT_OWN_DESC" />
		<action name="password.edit.password" title="COM_GETBIBLE_PASSWORDS_EDIT_PASSWORD" description="COM_GETBIBLE_PASSWORDS_EDIT_PASSWORD_DESC" />
		<action name="password.edit.state" title="COM_GETBIBLE_PASSWORDS_EDIT_STATE" description="COM_GETBIBLE_PASSWORDS_EDIT_STATE_DESC" />
		<action name="password.view.password" title="COM_GETBIBLE_PASSWORDS_VIEW_PASSWORD" description="COM_GETBIBLE_PASSWORDS_VIEW_PASSWORD_DESC" />
		<action name="prompt.access" title="COM_GETBIBLE_PROMPTS_ACCESS" description="COM_GETBIBLE_PROMPTS_ACCESS_DESC" />
		<action name="prompt.access.temperature_override" title="COM_GETBIBLE_PROMPTS_ACCESS_TEMPERATURE_OVERRIDE" description="COM_GETBIBLE_PROMPTS_ACCESS_TEMPERATURE_OVERRIDE_DESC" />
		<action name="prompt.batch" title="COM_GETBIBLE_PROMPTS_BATCH_USE" description="COM_GETBIBLE_PROMPTS_BATCH_USE_DESC" />
		<action name="prompt.create" title="COM_GETBIBLE_PROMPTS_CREATE" description="COM_GETBIBLE_PROMPTS_CREATE_DESC" />
		<action name="prompt.dashboard_list" title="COM_GETBIBLE_PROMPTS_DASHBOARD_LIST" description="COM_GETBIBLE_PROMPTS_DASHBOARD_LIST_DESC" />
		<action name="prompt.delete" title="COM_GETBIBLE_PROMPTS_DELETE" description="COM_GETBIBLE_PROMPTS_DELETE_DESC" />
		<action name="prompt.edit" title="COM_GETBIBLE_PROMPTS_EDIT" description="COM_GETBIBLE_PROMPTS_EDIT_DESC" />
		<action name="prompt.edit.abbreviation" title="COM_GETBIBLE_PROMPTS_EDIT_ABBREVIATION" description="COM_GETBIBLE_PROMPTS_EDIT_ABBREVIATION_DESC" />
		<action name="prompt.edit.ai_org_token_override" title="COM_GETBIBLE_PROMPTS_EDIT_AI_ORG_TOKEN_OVERRIDE" description="COM_GETBIBLE_PROMPTS_EDIT_AI_ORG_TOKEN_OVERRIDE_DESC" />
		<action name="prompt.edit.cache_behaviour" title="COM_GETBIBLE_PROMPTS_EDIT_CACHE_BEHAVIOUR" description="COM_GETBIBLE_PROMPTS_EDIT_CACHE_BEHAVIOUR_DESC" />
		<action name="prompt.edit.created_by" title="COM_GETBIBLE_PROMPTS_EDIT_CREATED_BY" description="COM_GETBIBLE_PROMPTS_EDIT_CREATED_BY_DESC" />
		<action name="prompt.edit.created" title="COM_GETBIBLE_PROMPTS_EDIT_CREATED_DATE" description="COM_GETBIBLE_PROMPTS_EDIT_CREATED_DATE_DESC" />
		<action name="prompt.edit.frequency_penalty" title="COM_GETBIBLE_PROMPTS_EDIT_FREQUENCY_PENALTY" description="COM_GETBIBLE_PROMPTS_EDIT_FREQUENCY_PENALTY_DESC" />
		<action name="prompt.edit.frequency_penalty_override" title="COM_GETBIBLE_PROMPTS_EDIT_FREQUENCY_PENALTY_OVERRIDE" description="COM_GETBIBLE_PROMPTS_EDIT_FREQUENCY_PENALTY_OVERRIDE_DESC" />
		<action name="prompt.edit.guid" title="COM_GETBIBLE_PROMPTS_EDIT_GUID" description="COM_GETBIBLE_PROMPTS_EDIT_GUID_DESC" />
		<action name="prompt.edit.integration" title="COM_GETBIBLE_PROMPTS_EDIT_INTEGRATION" description="COM_GETBIBLE_PROMPTS_EDIT_INTEGRATION_DESC" />
		<action name="prompt.edit.max_tokens" title="COM_GETBIBLE_PROMPTS_EDIT_MAX_TOKENS" description="COM_GETBIBLE_PROMPTS_EDIT_MAX_TOKENS_DESC" />
		<action name="prompt.edit.max_tokens_override" title="COM_GETBIBLE_PROMPTS_EDIT_MAX_TOKENS_OVERRIDE" description="COM_GETBIBLE_PROMPTS_EDIT_MAX_TOKENS_OVERRIDE_DESC" />
		<action name="prompt.edit.messages" title="COM_GETBIBLE_PROMPTS_EDIT_MESSAGES" description="COM_GETBIBLE_PROMPTS_EDIT_MESSAGES_DESC" />
		<action name="prompt.edit.model" title="COM_GETBIBLE_PROMPTS_EDIT_MODEL" description="COM_GETBIBLE_PROMPTS_EDIT_MODEL_DESC" />
		<action name="prompt.edit.n" title="COM_GETBIBLE_PROMPTS_EDIT_N" description="COM_GETBIBLE_PROMPTS_EDIT_N_DESC" />
		<action name="prompt.edit.n_override" title="COM_GETBIBLE_PROMPTS_EDIT_N_OVERRIDE" description="COM_GETBIBLE_PROMPTS_EDIT_N_OVERRIDE_DESC" />
		<action name="prompt.edit.name" title="COM_GETBIBLE_PROMPTS_EDIT_NAME" description="COM_GETBIBLE_PROMPTS_EDIT_NAME_DESC" />
		<action name="prompt.edit.org_token" title="COM_GETBIBLE_PROMPTS_EDIT_ORG_TOKEN" description="COM_GETBIBLE_PROMPTS_EDIT_ORG_TOKEN_DESC" />
		<action name="prompt.edit.own" title="COM_GETBIBLE_PROMPTS_EDIT_OWN" description="COM_GETBIBLE_PROMPTS_EDIT_OWN_DESC" />
		<action name="prompt.edit.presence_penalty" title="COM_GETBIBLE_PROMPTS_EDIT_PRESENCE_PENALTY" description="COM_GETBIBLE_PROMPTS_EDIT_PRESENCE_PENALTY_DESC" />
		<action name="prompt.edit.presence_penalty_override" title="COM_GETBIBLE_PROMPTS_EDIT_PRESENCE_PENALTY_OVERRIDE" description="COM_GETBIBLE_PROMPTS_EDIT_PRESENCE_PENALTY_OVERRIDE_DESC" />
		<action name="prompt.edit.response_retrieval" title="COM_GETBIBLE_PROMPTS_EDIT_RESPONSE_RETRIEVAL" description="COM_GETBIBLE_PROMPTS_EDIT_RESPONSE_RETRIEVAL_DESC" />
		<action name="prompt.edit.state" title="COM_GETBIBLE_PROMPTS_EDIT_STATE" description="COM_GETBIBLE_PROMPTS_EDIT_STATE_DESC" />
		<action name="prompt.edit.temperature" title="COM_GETBIBLE_PROMPTS_EDIT_TEMPERATURE" description="COM_GETBIBLE_PROMPTS_EDIT_TEMPERATURE_DESC" />
		<action name="prompt.edit.token" title="COM_GETBIBLE_PROMPTS_EDIT_TOKEN" description="COM_GETBIBLE_PROMPTS_EDIT_TOKEN_DESC" />
		<action name="prompt.edit.token_override" title="COM_GETBIBLE_PROMPTS_EDIT_TOKEN_OVERRIDE" description="COM_GETBIBLE_PROMPTS_EDIT_TOKEN_OVERRIDE_DESC" />
		<action name="prompt.edit.top_p" title="COM_GETBIBLE_PROMPTS_EDIT_TOP_P" description="COM_GETBIBLE_PROMPTS_EDIT_TOP_P_DESC" />
		<action name="prompt.edit.top_p_override" title="COM_GETBIBLE_PROMPTS_EDIT_TOP_P_OVERRIDE" description="COM_GETBIBLE_PROMPTS_EDIT_TOP_P_OVERRIDE_DESC" />
		<action name="prompt.version" title="COM_GETBIBLE_PROMPTS_EDIT_VERSION" description="COM_GETBIBLE_PROMPTS_EDIT_VERSION_DESC" />
		<action name="prompt.submenu" title="COM_GETBIBLE_PROMPTS_SUBMENU" description="COM_GETBIBLE_PROMPTS_SUBMENU_DESC" />
		<action name="tagged_verse.access" title="COM_GETBIBLE_TAGGED_VERSES_ACCESS" description="COM_GETBIBLE_TAGGED_VERSES_ACCESS_DESC" />
		<action name="tagged_verse.batch" title="COM_GETBIBLE_TAGGED_VERSES_BATCH_USE" description="COM_GETBIBLE_TAGGED_VERSES_BATCH_USE_DESC" />
		<action name="tagged_verse.create" title="COM_GETBIBLE_TAGGED_VERSES_CREATE" description="COM_GETBIBLE_TAGGED_VERSES_CREATE_DESC" />
		<action name="tagged_verse.dashboard_list" title="COM_GETBIBLE_TAGGED_VERSES_DASHBOARD_LIST" description="COM_GETBIBLE_TAGGED_VERSES_DASHBOARD_LIST_DESC" />
		<action name="tagged_verse.delete" title="COM_GETBIBLE_TAGGED_VERSES_DELETE" description="COM_GETBIBLE_TAGGED_VERSES_DELETE_DESC" />
		<action name="tagged_verse.edit" title="COM_GETBIBLE_TAGGED_VERSES_EDIT" description="COM_GETBIBLE_TAGGED_VERSES_EDIT_DESC" />
		<action name="tagged_verse.edit.abbreviation" title="COM_GETBIBLE_TAGGED_VERSES_EDIT_ABBREVIATION" description="COM_GETBIBLE_TAGGED_VERSES_EDIT_ABBREVIATION_DESC" />
		<action name="tagged_verse.edit.access" title="COM_GETBIBLE_TAGGED_VERSES_EDIT_ACCESS" description="COM_GETBIBLE_TAGGED_VERSES_EDIT_ACCESS_DESC" />
		<action name="tagged_verse.edit.book_nr" title="COM_GETBIBLE_TAGGED_VERSES_EDIT_BOOK_NR" description="COM_GETBIBLE_TAGGED_VERSES_EDIT_BOOK_NR_DESC" />
		<action name="tagged_verse.edit.chapter" title="COM_GETBIBLE_TAGGED_VERSES_EDIT_CHAPTER" description="COM_GETBIBLE_TAGGED_VERSES_EDIT_CHAPTER_DESC" />
		<action name="tagged_verse.edit.created_by" title="COM_GETBIBLE_TAGGED_VERSES_EDIT_CREATED_BY" description="COM_GETBIBLE_TAGGED_VERSES_EDIT_CREATED_BY_DESC" />
		<action name="tagged_verse.edit.created" title="COM_GETBIBLE_TAGGED_VERSES_EDIT_CREATED_DATE" description="COM_GETBIBLE_TAGGED_VERSES_EDIT_CREATED_DATE_DESC" />
		<action name="tagged_verse.edit.guid" title="COM_GETBIBLE_TAGGED_VERSES_EDIT_GUID" description="COM_GETBIBLE_TAGGED_VERSES_EDIT_GUID_DESC" />
		<action name="tagged_verse.edit.linker" title="COM_GETBIBLE_TAGGED_VERSES_EDIT_LINKER" description="COM_GETBIBLE_TAGGED_VERSES_EDIT_LINKER_DESC" />
		<action name="tagged_verse.edit.own" title="COM_GETBIBLE_TAGGED_VERSES_EDIT_OWN" description="COM_GETBIBLE_TAGGED_VERSES_EDIT_OWN_DESC" />
		<action name="tagged_verse.edit.state" title="COM_GETBIBLE_TAGGED_VERSES_EDIT_STATE" description="COM_GETBIBLE_TAGGED_VERSES_EDIT_STATE_DESC" />
		<action name="tagged_verse.edit.tag" title="COM_GETBIBLE_TAGGED_VERSES_EDIT_TAG" description="COM_GETBIBLE_TAGGED_VERSES_EDIT_TAG_DESC" />
		<action name="tagged_verse.edit.verse" title="COM_GETBIBLE_TAGGED_VERSES_EDIT_VERSE" description="COM_GETBIBLE_TAGGED_VERSES_EDIT_VERSE_DESC" />
		<action name="tagged_verse.version" title="COM_GETBIBLE_TAGGED_VERSES_EDIT_VERSION" description="COM_GETBIBLE_TAGGED_VERSES_EDIT_VERSION_DESC" />
		<action name="tagged_verse.submenu" title="COM_GETBIBLE_TAGGED_VERSES_SUBMENU" description="COM_GETBIBLE_TAGGED_VERSES_SUBMENU_DESC" />
		<action name="tag.access" title="COM_GETBIBLE_TAGS_ACCESS" description="COM_GETBIBLE_TAGS_ACCESS_DESC" />
		<action name="tag.batch" title="COM_GETBIBLE_TAGS_BATCH_USE" description="COM_GETBIBLE_TAGS_BATCH_USE_DESC" />
		<action name="tag.create" title="COM_GETBIBLE_TAGS_CREATE" description="COM_GETBIBLE_TAGS_CREATE_DESC" />
		<action name="tag.dashboard_list" title="COM_GETBIBLE_TAGS_DASHBOARD_LIST" description="COM_GETBIBLE_TAGS_DASHBOARD_LIST_DESC" />
		<action name="tag.delete" title="COM_GETBIBLE_TAGS_DELETE" description="COM_GETBIBLE_TAGS_DELETE_DESC" />
		<action name="tag.edit" title="COM_GETBIBLE_TAGS_EDIT" description="COM_GETBIBLE_TAGS_EDIT_DESC" />
		<action name="tag.edit.access" title="COM_GETBIBLE_TAGS_EDIT_ACCESS" description="COM_GETBIBLE_TAGS_EDIT_ACCESS_DESC" />
		<action name="tag.edit.created_by" title="COM_GETBIBLE_TAGS_EDIT_CREATED_BY" description="COM_GETBIBLE_TAGS_EDIT_CREATED_BY_DESC" />
		<action name="tag.edit.created" title="COM_GETBIBLE_TAGS_EDIT_CREATED_DATE" description="COM_GETBIBLE_TAGS_EDIT_CREATED_DATE_DESC" />
		<action name="tag.edit.description" title="COM_GETBIBLE_TAGS_EDIT_DESCRIPTION" description="COM_GETBIBLE_TAGS_EDIT_DESCRIPTION_DESC" />
		<action name="tag.edit.guid" title="COM_GETBIBLE_TAGS_EDIT_GUID" description="COM_GETBIBLE_TAGS_EDIT_GUID_DESC" />
		<action name="tag.edit.linker" title="COM_GETBIBLE_TAGS_EDIT_LINKER" description="COM_GETBIBLE_TAGS_EDIT_LINKER_DESC" />
		<action name="tag.edit.name" title="COM_GETBIBLE_TAGS_EDIT_NAME" description="COM_GETBIBLE_TAGS_EDIT_NAME_DESC" />
		<action name="tag.edit.own" title="COM_GETBIBLE_TAGS_EDIT_OWN" description="COM_GETBIBLE_TAGS_EDIT_OWN_DESC" />
		<action name="tag.edit.state" title="COM_GETBIBLE_TAGS_EDIT_STATE" description="COM_GETBIBLE_TAGS_EDIT_STATE_DESC" />
		<action name="tag.version" title="COM_GETBIBLE_TAGS_EDIT_VERSION" description="COM_GETBIBLE_TAGS_EDIT_VERSION_DESC" />
		<action name="tag.submenu" title="COM_GETBIBLE_TAGS_SUBMENU" description="COM_GETBIBLE_TAGS_SUBMENU_DESC" />
		<action name="translation.update_book_names" title="COM_GETBIBLE_TRANSLATION_UPDATE_BOOK_NAMES_BUTTON_ACCESS" description="COM_GETBIBLE_TRANSLATION_UPDATE_BOOK_NAMES_BUTTON_ACCESS_DESC" />
		<action name="translation.update_translations_details" title="COM_GETBIBLE_TRANSLATION_UPDATE_TRANSLATIONS_DETAILS_BUTTON_ACCESS" description="COM_GETBIBLE_TRANSLATION_UPDATE_TRANSLATIONS_DETAILS_BUTTON_ACCESS_DESC" />
		<action name="translation.access" title="COM_GETBIBLE_TRANSLATIONS_ACCESS" description="COM_GETBIBLE_TRANSLATIONS_ACCESS_DESC" />
		<action name="translation.batch" title="COM_GETBIBLE_TRANSLATIONS_BATCH_USE" description="COM_GETBIBLE_TRANSLATIONS_BATCH_USE_DESC" />
		<action name="translation.create" title="COM_GETBIBLE_TRANSLATIONS_CREATE" description="COM_GETBIBLE_TRANSLATIONS_CREATE_DESC" />
		<action name="translation.dashboard_list" title="COM_GETBIBLE_TRANSLATIONS_DASHBOARD_LIST" description="COM_GETBIBLE_TRANSLATIONS_DASHBOARD_LIST_DESC" />
		<action name="translation.delete" title="COM_GETBIBLE_TRANSLATIONS_DELETE" description="COM_GETBIBLE_TRANSLATIONS_DELETE_DESC" />
		<action name="translation.edit" title="COM_GETBIBLE_TRANSLATIONS_EDIT" description="COM_GETBIBLE_TRANSLATIONS_EDIT_DESC" />
		<action name="translation.edit.abbreviation" title="COM_GETBIBLE_TRANSLATIONS_EDIT_ABBREVIATION" description="COM_GETBIBLE_TRANSLATIONS_EDIT_ABBREVIATION_DESC" />
		<action name="translation.edit.created_by" title="COM_GETBIBLE_TRANSLATIONS_EDIT_CREATED_BY" description="COM_GETBIBLE_TRANSLATIONS_EDIT_CREATED_BY_DESC" />
		<action name="translation.edit.created" title="COM_GETBIBLE_TRANSLATIONS_EDIT_CREATED_DATE" description="COM_GETBIBLE_TRANSLATIONS_EDIT_CREATED_DATE_DESC" />
		<action name="translation.edit.direction" title="COM_GETBIBLE_TRANSLATIONS_EDIT_DIRECTION" description="COM_GETBIBLE_TRANSLATIONS_EDIT_DIRECTION_DESC" />
		<action name="translation.edit.distribution_abbreviation" title="COM_GETBIBLE_TRANSLATIONS_EDIT_DISTRIBUTION_ABBREVIATION" description="COM_GETBIBLE_TRANSLATIONS_EDIT_DISTRIBUTION_ABBREVIATION_DESC" />
		<action name="translation.edit.distribution_about" title="COM_GETBIBLE_TRANSLATIONS_EDIT_DISTRIBUTION_ABOUT" description="COM_GETBIBLE_TRANSLATIONS_EDIT_DISTRIBUTION_ABOUT_DESC" />
		<action name="translation.edit.distribution_history" title="COM_GETBIBLE_TRANSLATIONS_EDIT_DISTRIBUTION_HISTORY" description="COM_GETBIBLE_TRANSLATIONS_EDIT_DISTRIBUTION_HISTORY_DESC" />
		<action name="translation.edit.distribution_lcsh" title="COM_GETBIBLE_TRANSLATIONS_EDIT_DISTRIBUTION_LCSH" description="COM_GETBIBLE_TRANSLATIONS_EDIT_DISTRIBUTION_LCSH_DESC" />
		<action name="translation.edit.distribution_license" title="COM_GETBIBLE_TRANSLATIONS_EDIT_DISTRIBUTION_LICENSE" description="COM_GETBIBLE_TRANSLATIONS_EDIT_DISTRIBUTION_LICENSE_DESC" />
		<action name="translation.edit.distribution_source" title="COM_GETBIBLE_TRANSLATIONS_EDIT_DISTRIBUTION_SOURCE" description="COM_GETBIBLE_TRANSLATIONS_EDIT_DISTRIBUTION_SOURCE_DESC" />
		<action name="translation.edit.distribution_sourcetype" title="COM_GETBIBLE_TRANSLATIONS_EDIT_DISTRIBUTION_SOURCETYPE" description="COM_GETBIBLE_TRANSLATIONS_EDIT_DISTRIBUTION_SOURCETYPE_DESC" />
		<action name="translation.edit.distribution_versification" title="COM_GETBIBLE_TRANSLATIONS_EDIT_DISTRIBUTION_VERSIFICATION" description="COM_GETBIBLE_TRANSLATIONS_EDIT_DISTRIBUTION_VERSIFICATION_DESC" />
		<action name="translation.edit.distribution_version" title="COM_GETBIBLE_TRANSLATIONS_EDIT_DISTRIBUTION_VERSION" description="COM_GETBIBLE_TRANSLATIONS_EDIT_DISTRIBUTION_VERSION_DESC" />
		<action name="translation.edit.distribution_version_date" title="COM_GETBIBLE_TRANSLATIONS_EDIT_DISTRIBUTION_VERSION_DATE" description="COM_GETBIBLE_TRANSLATIONS_EDIT_DISTRIBUTION_VERSION_DATE_DESC" />
		<action name="translation.edit.encoding" title="COM_GETBIBLE_TRANSLATIONS_EDIT_ENCODING" description="COM_GETBIBLE_TRANSLATIONS_EDIT_ENCODING_DESC" />
		<action name="translation.edit.lang" title="COM_GETBIBLE_TRANSLATIONS_EDIT_LANG" description="COM_GETBIBLE_TRANSLATIONS_EDIT_LANG_DESC" />
		<action name="translation.edit.language" title="COM_GETBIBLE_TRANSLATIONS_EDIT_LANGUAGE" description="COM_GETBIBLE_TRANSLATIONS_EDIT_LANGUAGE_DESC" />
		<action name="translation.edit.own" title="COM_GETBIBLE_TRANSLATIONS_EDIT_OWN" description="COM_GETBIBLE_TRANSLATIONS_EDIT_OWN_DESC" />
		<action name="translation.edit.sha" title="COM_GETBIBLE_TRANSLATIONS_EDIT_SHA" description="COM_GETBIBLE_TRANSLATIONS_EDIT_SHA_DESC" />
		<action name="translation.edit.state" title="COM_GETBIBLE_TRANSLATIONS_EDIT_STATE" description="COM_GETBIBLE_TRANSLATIONS_EDIT_STATE_DESC" />
		<action name="translation.edit.translation" title="COM_GETBIBLE_TRANSLATIONS_EDIT_TRANSLATION" description="COM_GETBIBLE_TRANSLATIONS_EDIT_TRANSLATION_DESC" />
		<action name="translation.submenu" title="COM_GETBIBLE_TRANSLATIONS_SUBMENU" description="COM_GETBIBLE_TRANSLATIONS_SUBMENU_DESC" />
		<action name="verse.access" title="COM_GETBIBLE_VERSES_ACCESS" description="COM_GETBIBLE_VERSES_ACCESS_DESC" />
		<action name="verse.batch" title="COM_GETBIBLE_VERSES_BATCH_USE" description="COM_GETBIBLE_VERSES_BATCH_USE_DESC" />
		<action name="verse.create" title="COM_GETBIBLE_VERSES_CREATE" description="COM_GETBIBLE_VERSES_CREATE_DESC" />
		<action name="verse.dashboard_list" title="COM_GETBIBLE_VERSES_DASHBOARD_LIST" description="COM_GETBIBLE_VERSES_DASHBOARD_LIST_DESC" />
		<action name="verse.delete" title="COM_GETBIBLE_VERSES_DELETE" description="COM_GETBIBLE_VERSES_DELETE_DESC" />
		<action name="verse.edit" title="COM_GETBIBLE_VERSES_EDIT" description="COM_GETBIBLE_VERSES_EDIT_DESC" />
		<action name="verse.edit.abbreviation" title="COM_GETBIBLE_VERSES_EDIT_ABBREVIATION" description="COM_GETBIBLE_VERSES_EDIT_ABBREVIATION_DESC" />
		<action name="verse.edit.book_nr" title="COM_GETBIBLE_VERSES_EDIT_BOOK_NR" description="COM_GETBIBLE_VERSES_EDIT_BOOK_NR_DESC" />
		<action name="verse.edit.chapter" title="COM_GETBIBLE_VERSES_EDIT_CHAPTER" description="COM_GETBIBLE_VERSES_EDIT_CHAPTER_DESC" />
		<action name="verse.edit.created_by" title="COM_GETBIBLE_VERSES_EDIT_CREATED_BY" description="COM_GETBIBLE_VERSES_EDIT_CREATED_BY_DESC" />
		<action name="verse.edit.created" title="COM_GETBIBLE_VERSES_EDIT_CREATED_DATE" description="COM_GETBIBLE_VERSES_EDIT_CREATED_DATE_DESC" />
		<action name="verse.edit.name" title="COM_GETBIBLE_VERSES_EDIT_NAME" description="COM_GETBIBLE_VERSES_EDIT_NAME_DESC" />
		<action name="verse.edit.own" title="COM_GETBIBLE_VERSES_EDIT_OWN" description="COM_GETBIBLE_VERSES_EDIT_OWN_DESC" />
		<action name="verse.edit.state" title="COM_GETBIBLE_VERSES_EDIT_STATE" description="COM_GETBIBLE_VERSES_EDIT_STATE_DESC" />
		<action name="verse.edit.text" title="COM_GETBIBLE_VERSES_EDIT_TEXT" description="COM_GETBIBLE_VERSES_EDIT_TEXT_DESC" />
		<action name="verse.edit.verse" title="COM_GETBIBLE_VERSES_EDIT_VERSE" description="COM_GETBIBLE_VERSES_EDIT_VERSE_DESC" />
		<action name="verse.submenu" title="COM_GETBIBLE_VERSES_SUBMENU" description="COM_GETBIBLE_VERSES_SUBMENU_DESC" />
	</section>
	<section name="linker">
		<action name="linker.edit" title="COM_GETBIBLE_LINKERS_EDIT" description="COM_GETBIBLE_LINKERS_EDIT_DESC" />
		<action name="linker.edit.own" title="COM_GETBIBLE_LINKERS_EDIT_OWN" description="COM_GETBIBLE_LINKERS_EDIT_OWN_DESC" />
		<action name="linker.edit.state" title="COM_GETBIBLE_LINKERS_EDIT_STATE" description="COM_GETBIBLE_LINKERS_EDIT_STATE_DESC" />
		<action name="linker.edit.created_by" title="COM_GETBIBLE_LINKERS_EDIT_CREATED_BY" description="COM_GETBIBLE_LINKERS_EDIT_CREATED_BY_DESC" />
		<action name="linker.edit.created" title="COM_GETBIBLE_LINKERS_EDIT_CREATED_DATE" description="COM_GETBIBLE_LINKERS_EDIT_CREATED_DATE_DESC" />
		<action name="linker.create" title="COM_GETBIBLE_LINKERS_CREATE" description="COM_GETBIBLE_LINKERS_CREATE_DESC" />
		<action name="linker.delete" title="COM_GETBIBLE_LINKERS_DELETE" description="COM_GETBIBLE_LINKERS_DELETE_DESC" />
		<action name="linker.access" title="COM_GETBIBLE_LINKERS_ACCESS" description="COM_GETBIBLE_LINKERS_ACCESS_DESC" />
		<action name="linker.edit.name" title="COM_GETBIBLE_LINKERS_EDIT_NAME" description="COM_GETBIBLE_LINKERS_EDIT_NAME_DESC" />
		<action name="linker.edit.guid" title="COM_GETBIBLE_LINKERS_EDIT_GUID" description="COM_GETBIBLE_LINKERS_EDIT_GUID_DESC" />
		<action name="linker.edit.public_tagged_verses" title="COM_GETBIBLE_LINKERS_EDIT_PUBLIC_TAGGED_VERSES" description="COM_GETBIBLE_LINKERS_EDIT_PUBLIC_TAGGED_VERSES_DESC" />
		<action name="linker.edit.public_notes" title="COM_GETBIBLE_LINKERS_EDIT_PUBLIC_NOTES" description="COM_GETBIBLE_LINKERS_EDIT_PUBLIC_NOTES_DESC" />
	</section>
	<section name="note">
		<action name="note.edit" title="COM_GETBIBLE_NOTES_EDIT" description="COM_GETBIBLE_NOTES_EDIT_DESC" />
		<action name="note.edit.own" title="COM_GETBIBLE_NOTES_EDIT_OWN" description="COM_GETBIBLE_NOTES_EDIT_OWN_DESC" />
		<action name="note.edit.state" title="COM_GETBIBLE_NOTES_EDIT_STATE" description="COM_GETBIBLE_NOTES_EDIT_STATE_DESC" />
		<action name="note.edit.created_by" title="COM_GETBIBLE_NOTES_EDIT_CREATED_BY" description="COM_GETBIBLE_NOTES_EDIT_CREATED_BY_DESC" />
		<action name="note.edit.created" title="COM_GETBIBLE_NOTES_EDIT_CREATED_DATE" description="COM_GETBIBLE_NOTES_EDIT_CREATED_DATE_DESC" />
		<action name="note.create" title="COM_GETBIBLE_NOTES_CREATE" description="COM_GETBIBLE_NOTES_CREATE_DESC" />
		<action name="note.delete" title="COM_GETBIBLE_NOTES_DELETE" description="COM_GETBIBLE_NOTES_DELETE_DESC" />
		<action name="note.access" title="COM_GETBIBLE_NOTES_ACCESS" description="COM_GETBIBLE_NOTES_ACCESS_DESC" />
		<action name="note.edit.book_nr" title="COM_GETBIBLE_NOTES_EDIT_BOOK_NR" description="COM_GETBIBLE_NOTES_EDIT_BOOK_NR_DESC" />
		<action name="note.edit.linker" title="COM_GETBIBLE_NOTES_EDIT_LINKER" description="COM_GETBIBLE_NOTES_EDIT_LINKER_DESC" />
		<action name="note.edit.access" title="COM_GETBIBLE_NOTES_EDIT_ACCESS" description="COM_GETBIBLE_NOTES_EDIT_ACCESS_DESC" />
		<action name="note.edit.guid" title="COM_GETBIBLE_NOTES_EDIT_GUID" description="COM_GETBIBLE_NOTES_EDIT_GUID_DESC" />
		<action name="note.edit.note" title="COM_GETBIBLE_NOTES_EDIT_NOTE" description="COM_GETBIBLE_NOTES_EDIT_NOTE_DESC" />
		<action name="note.edit.verse" title="COM_GETBIBLE_NOTES_EDIT_VERSE" description="COM_GETBIBLE_NOTES_EDIT_VERSE_DESC" />
		<action name="note.edit.chapter" title="COM_GETBIBLE_NOTES_EDIT_CHAPTER" description="COM_GETBIBLE_NOTES_EDIT_CHAPTER_DESC" />
		<action name="note.version" title="COM_GETBIBLE_NOTES_EDIT_VERSION" description="COM_GETBIBLE_NOTES_EDIT_VERSION_DESC" />
	</section>
	<section name="tagged_verse">
		<action name="tagged_verse.edit" title="COM_GETBIBLE_TAGGED_VERSES_EDIT" description="COM_GETBIBLE_TAGGED_VERSES_EDIT_DESC" />
		<action name="tagged_verse.edit.own" title="COM_GETBIBLE_TAGGED_VERSES_EDIT_OWN" description="COM_GETBIBLE_TAGGED_VERSES_EDIT_OWN_DESC" />
		<action name="tagged_verse.edit.state" title="COM_GETBIBLE_TAGGED_VERSES_EDIT_STATE" description="COM_GETBIBLE_TAGGED_VERSES_EDIT_STATE_DESC" />
		<action name="tagged_verse.edit.created_by" title="COM_GETBIBLE_TAGGED_VERSES_EDIT_CREATED_BY" description="COM_GETBIBLE_TAGGED_VERSES_EDIT_CREATED_BY_DESC" />
		<action name="tagged_verse.edit.created" title="COM_GETBIBLE_TAGGED_VERSES_EDIT_CREATED_DATE" description="COM_GETBIBLE_TAGGED_VERSES_EDIT_CREATED_DATE_DESC" />
		<action name="tagged_verse.create" title="COM_GETBIBLE_TAGGED_VERSES_CREATE" description="COM_GETBIBLE_TAGGED_VERSES_CREATE_DESC" />
		<action name="tagged_verse.delete" title="COM_GETBIBLE_TAGGED_VERSES_DELETE" description="COM_GETBIBLE_TAGGED_VERSES_DELETE_DESC" />
		<action name="tagged_verse.access" title="COM_GETBIBLE_TAGGED_VERSES_ACCESS" description="COM_GETBIBLE_TAGGED_VERSES_ACCESS_DESC" />
		<action name="tagged_verse.edit.book_nr" title="COM_GETBIBLE_TAGGED_VERSES_EDIT_BOOK_NR" description="COM_GETBIBLE_TAGGED_VERSES_EDIT_BOOK_NR_DESC" />
		<action name="tagged_verse.edit.abbreviation" title="COM_GETBIBLE_TAGGED_VERSES_EDIT_ABBREVIATION" description="COM_GETBIBLE_TAGGED_VERSES_EDIT_ABBREVIATION_DESC" />
		<action name="tagged_verse.edit.access" title="COM_GETBIBLE_TAGGED_VERSES_EDIT_ACCESS" description="COM_GETBIBLE_TAGGED_VERSES_EDIT_ACCESS_DESC" />
		<action name="tagged_verse.edit.linker" title="COM_GETBIBLE_TAGGED_VERSES_EDIT_LINKER" description="COM_GETBIBLE_TAGGED_VERSES_EDIT_LINKER_DESC" />
		<action name="tagged_verse.edit.tag" title="COM_GETBIBLE_TAGGED_VERSES_EDIT_TAG" description="COM_GETBIBLE_TAGGED_VERSES_EDIT_TAG_DESC" />
		<action name="tagged_verse.edit.guid" title="COM_GETBIBLE_TAGGED_VERSES_EDIT_GUID" description="COM_GETBIBLE_TAGGED_VERSES_EDIT_GUID_DESC" />
		<action name="tagged_verse.edit.verse" title="COM_GETBIBLE_TAGGED_VERSES_EDIT_VERSE" description="COM_GETBIBLE_TAGGED_VERSES_EDIT_VERSE_DESC" />
		<action name="tagged_verse.edit.chapter" title="COM_GETBIBLE_TAGGED_VERSES_EDIT_CHAPTER" description="COM_GETBIBLE_TAGGED_VERSES_EDIT_CHAPTER_DESC" />
		<action name="tagged_verse.version" title="COM_GETBIBLE_TAGGED_VERSES_EDIT_VERSION" description="COM_GETBIBLE_TAGGED_VERSES_EDIT_VERSION_DESC" />
	</section>
	<section name="prompt">
		<action name="prompt.edit" title="COM_GETBIBLE_PROMPTS_EDIT" description="COM_GETBIBLE_PROMPTS_EDIT_DESC" />
		<action name="prompt.edit.own" title="COM_GETBIBLE_PROMPTS_EDIT_OWN" description="COM_GETBIBLE_PROMPTS_EDIT_OWN_DESC" />
		<action name="prompt.edit.state" title="COM_GETBIBLE_PROMPTS_EDIT_STATE" description="COM_GETBIBLE_PROMPTS_EDIT_STATE_DESC" />
		<action name="prompt.edit.created_by" title="COM_GETBIBLE_PROMPTS_EDIT_CREATED_BY" description="COM_GETBIBLE_PROMPTS_EDIT_CREATED_BY_DESC" />
		<action name="prompt.edit.created" title="COM_GETBIBLE_PROMPTS_EDIT_CREATED_DATE" description="COM_GETBIBLE_PROMPTS_EDIT_CREATED_DATE_DESC" />
		<action name="prompt.create" title="COM_GETBIBLE_PROMPTS_CREATE" description="COM_GETBIBLE_PROMPTS_CREATE_DESC" />
		<action name="prompt.delete" title="COM_GETBIBLE_PROMPTS_DELETE" description="COM_GETBIBLE_PROMPTS_DELETE_DESC" />
		<action name="prompt.access" title="COM_GETBIBLE_PROMPTS_ACCESS" description="COM_GETBIBLE_PROMPTS_ACCESS_DESC" />
		<action name="prompt.edit.name" title="COM_GETBIBLE_PROMPTS_EDIT_NAME" description="COM_GETBIBLE_PROMPTS_EDIT_NAME_DESC" />
		<action name="prompt.edit.integration" title="COM_GETBIBLE_PROMPTS_EDIT_INTEGRATION" description="COM_GETBIBLE_PROMPTS_EDIT_INTEGRATION_DESC" />
		<action name="prompt.edit.cache_behaviour" title="COM_GETBIBLE_PROMPTS_EDIT_CACHE_BEHAVIOUR" description="COM_GETBIBLE_PROMPTS_EDIT_CACHE_BEHAVIOUR_DESC" />
		<action name="prompt.edit.abbreviation" title="COM_GETBIBLE_PROMPTS_EDIT_ABBREVIATION" description="COM_GETBIBLE_PROMPTS_EDIT_ABBREVIATION_DESC" />
		<action name="prompt.edit.guid" title="COM_GETBIBLE_PROMPTS_EDIT_GUID" description="COM_GETBIBLE_PROMPTS_EDIT_GUID_DESC" />
		<action name="prompt.edit.model" title="COM_GETBIBLE_PROMPTS_EDIT_MODEL" description="COM_GETBIBLE_PROMPTS_EDIT_MODEL_DESC" />
		<action name="prompt.edit.presence_penalty" title="COM_GETBIBLE_PROMPTS_EDIT_PRESENCE_PENALTY" description="COM_GETBIBLE_PROMPTS_EDIT_PRESENCE_PENALTY_DESC" />
		<action name="prompt.edit.org_token" title="COM_GETBIBLE_PROMPTS_EDIT_ORG_TOKEN" description="COM_GETBIBLE_PROMPTS_EDIT_ORG_TOKEN_DESC" />
		<action name="prompt.edit.token" title="COM_GETBIBLE_PROMPTS_EDIT_TOKEN" description="COM_GETBIBLE_PROMPTS_EDIT_TOKEN_DESC" />
		<action name="prompt.edit.n_override" title="COM_GETBIBLE_PROMPTS_EDIT_N_OVERRIDE" description="COM_GETBIBLE_PROMPTS_EDIT_N_OVERRIDE_DESC" />
		<action name="prompt.edit.messages" title="COM_GETBIBLE_PROMPTS_EDIT_MESSAGES" description="COM_GETBIBLE_PROMPTS_EDIT_MESSAGES_DESC" />
		<action name="prompt.edit.response_retrieval" title="COM_GETBIBLE_PROMPTS_EDIT_RESPONSE_RETRIEVAL" description="COM_GETBIBLE_PROMPTS_EDIT_RESPONSE_RETRIEVAL_DESC" />
		<action name="prompt.edit.frequency_penalty_override" title="COM_GETBIBLE_PROMPTS_EDIT_FREQUENCY_PENALTY_OVERRIDE" description="COM_GETBIBLE_PROMPTS_EDIT_FREQUENCY_PENALTY_OVERRIDE_DESC" />
		<action name="prompt.edit.n" title="COM_GETBIBLE_PROMPTS_EDIT_N" description="COM_GETBIBLE_PROMPTS_EDIT_N_DESC" />
		<action name="prompt.edit.max_tokens_override" title="COM_GETBIBLE_PROMPTS_EDIT_MAX_TOKENS_OVERRIDE" description="COM_GETBIBLE_PROMPTS_EDIT_MAX_TOKENS_OVERRIDE_DESC" />
		<action name="prompt.edit.token_override" title="COM_GETBIBLE_PROMPTS_EDIT_TOKEN_OVERRIDE" description="COM_GETBIBLE_PROMPTS_EDIT_TOKEN_OVERRIDE_DESC" />
		<action name="prompt.edit.max_tokens" title="COM_GETBIBLE_PROMPTS_EDIT_MAX_TOKENS" description="COM_GETBIBLE_PROMPTS_EDIT_MAX_TOKENS_DESC" />
		<action name="prompt.edit.ai_org_token_override" title="COM_GETBIBLE_PROMPTS_EDIT_AI_ORG_TOKEN_OVERRIDE" description="COM_GETBIBLE_PROMPTS_EDIT_AI_ORG_TOKEN_OVERRIDE_DESC" />
		<action name="prompt.access.temperature_override" title="COM_GETBIBLE_PROMPTS_ACCESS_TEMPERATURE_OVERRIDE" description="COM_GETBIBLE_PROMPTS_ACCESS_TEMPERATURE_OVERRIDE_DESC" />
		<action name="prompt.edit.presence_penalty_override" title="COM_GETBIBLE_PROMPTS_EDIT_PRESENCE_PENALTY_OVERRIDE" description="COM_GETBIBLE_PROMPTS_EDIT_PRESENCE_PENALTY_OVERRIDE_DESC" />
		<action name="prompt.edit.top_p_override" title="COM_GETBIBLE_PROMPTS_EDIT_TOP_P_OVERRIDE" description="COM_GETBIBLE_PROMPTS_EDIT_TOP_P_OVERRIDE_DESC" />
		<action name="prompt.edit.frequency_penalty" title="COM_GETBIBLE_PROMPTS_EDIT_FREQUENCY_PENALTY" description="COM_GETBIBLE_PROMPTS_EDIT_FREQUENCY_PENALTY_DESC" />
		<action name="prompt.edit.top_p" title="COM_GETBIBLE_PROMPTS_EDIT_TOP_P" description="COM_GETBIBLE_PROMPTS_EDIT_TOP_P_DESC" />
		<action name="prompt.edit.temperature" title="COM_GETBIBLE_PROMPTS_EDIT_TEMPERATURE" description="COM_GETBIBLE_PROMPTS_EDIT_TEMPERATURE_DESC" />
		<action name="prompt.version" title="COM_GETBIBLE_PROMPTS_EDIT_VERSION" description="COM_GETBIBLE_PROMPTS_EDIT_VERSION_DESC" />
	</section>
	<section name="open_ai_response">
		<action name="open_ai_response.edit" title="COM_GETBIBLE_OPEN_AI_RESPONSES_EDIT" description="COM_GETBIBLE_OPEN_AI_RESPONSES_EDIT_DESC" />
		<action name="open_ai_response.edit.own" title="COM_GETBIBLE_OPEN_AI_RESPONSES_EDIT_OWN" description="COM_GETBIBLE_OPEN_AI_RESPONSES_EDIT_OWN_DESC" />
		<action name="open_ai_response.edit.state" title="COM_GETBIBLE_OPEN_AI_RESPONSES_EDIT_STATE" description="COM_GETBIBLE_OPEN_AI_RESPONSES_EDIT_STATE_DESC" />
		<action name="open_ai_response.edit.created_by" title="COM_GETBIBLE_OPEN_AI_RESPONSES_EDIT_CREATED_BY" description="COM_GETBIBLE_OPEN_AI_RESPONSES_EDIT_CREATED_BY_DESC" />
		<action name="open_ai_response.edit.created" title="COM_GETBIBLE_OPEN_AI_RESPONSES_EDIT_CREATED_DATE" description="COM_GETBIBLE_OPEN_AI_RESPONSES_EDIT_CREATED_DATE_DESC" />
		<action name="open_ai_response.create" title="COM_GETBIBLE_OPEN_AI_RESPONSES_CREATE" description="COM_GETBIBLE_OPEN_AI_RESPONSES_CREATE_DESC" />
		<action name="open_ai_response.delete" title="COM_GETBIBLE_OPEN_AI_RESPONSES_DELETE" description="COM_GETBIBLE_OPEN_AI_RESPONSES_DELETE_DESC" />
		<action name="open_ai_response.access" title="COM_GETBIBLE_OPEN_AI_RESPONSES_ACCESS" description="COM_GETBIBLE_OPEN_AI_RESPONSES_ACCESS_DESC" />
		<action name="open_ai_response.edit.response_id" title="COM_GETBIBLE_OPEN_AI_RESPONSES_EDIT_RESPONSE_ID" description="COM_GETBIBLE_OPEN_AI_RESPONSES_EDIT_RESPONSE_ID_DESC" />
		<action name="open_ai_response.edit.prompt" title="COM_GETBIBLE_OPEN_AI_RESPONSES_EDIT_PROMPT" description="COM_GETBIBLE_OPEN_AI_RESPONSES_EDIT_PROMPT_DESC" />
		<action name="open_ai_response.edit.response_object" title="COM_GETBIBLE_OPEN_AI_RESPONSES_EDIT_RESPONSE_OBJECT" description="COM_GETBIBLE_OPEN_AI_RESPONSES_EDIT_RESPONSE_OBJECT_DESC" />
		<action name="open_ai_response.edit.response_model" title="COM_GETBIBLE_OPEN_AI_RESPONSES_EDIT_RESPONSE_MODEL" description="COM_GETBIBLE_OPEN_AI_RESPONSES_EDIT_RESPONSE_MODEL_DESC" />
		<action name="open_ai_response.edit.total_tokens" title="COM_GETBIBLE_OPEN_AI_RESPONSES_EDIT_TOTAL_TOKENS" description="COM_GETBIBLE_OPEN_AI_RESPONSES_EDIT_TOTAL_TOKENS_DESC" />
		<action name="open_ai_response.edit.n" title="COM_GETBIBLE_OPEN_AI_RESPONSES_EDIT_N" description="COM_GETBIBLE_OPEN_AI_RESPONSES_EDIT_N_DESC" />
		<action name="open_ai_response.edit.frequency_penalty" title="COM_GETBIBLE_OPEN_AI_RESPONSES_EDIT_FREQUENCY_PENALTY" description="COM_GETBIBLE_OPEN_AI_RESPONSES_EDIT_FREQUENCY_PENALTY_DESC" />
		<action name="open_ai_response.edit.presence_penalty" title="COM_GETBIBLE_OPEN_AI_RESPONSES_EDIT_PRESENCE_PENALTY" description="COM_GETBIBLE_OPEN_AI_RESPONSES_EDIT_PRESENCE_PENALTY_DESC" />
		<action name="open_ai_response.edit.word" title="COM_GETBIBLE_OPEN_AI_RESPONSES_EDIT_WORD" description="COM_GETBIBLE_OPEN_AI_RESPONSES_EDIT_WORD_DESC" />
		<action name="open_ai_response.edit.chapter" title="COM_GETBIBLE_OPEN_AI_RESPONSES_EDIT_CHAPTER" description="COM_GETBIBLE_OPEN_AI_RESPONSES_EDIT_CHAPTER_DESC" />
		<action name="open_ai_response.edit.lcsh" title="COM_GETBIBLE_OPEN_AI_RESPONSES_EDIT_LCSH" description="COM_GETBIBLE_OPEN_AI_RESPONSES_EDIT_LCSH_DESC" />
		<action name="open_ai_response.edit.completion_tokens" title="COM_GETBIBLE_OPEN_AI_RESPONSES_EDIT_COMPLETION_TOKENS" description="COM_GETBIBLE_OPEN_AI_RESPONSES_EDIT_COMPLETION_TOKENS_DESC" />
		<action name="open_ai_response.edit.prompt_tokens" title="COM_GETBIBLE_OPEN_AI_RESPONSES_EDIT_PROMPT_TOKENS" description="COM_GETBIBLE_OPEN_AI_RESPONSES_EDIT_PROMPT_TOKENS_DESC" />
		<action name="open_ai_response.edit.response_created" title="COM_GETBIBLE_OPEN_AI_RESPONSES_EDIT_RESPONSE_CREATED" description="COM_GETBIBLE_OPEN_AI_RESPONSES_EDIT_RESPONSE_CREATED_DESC" />
		<action name="open_ai_response.edit.abbreviation" title="COM_GETBIBLE_OPEN_AI_RESPONSES_EDIT_ABBREVIATION" description="COM_GETBIBLE_OPEN_AI_RESPONSES_EDIT_ABBREVIATION_DESC" />
		<action name="open_ai_response.edit.language" title="COM_GETBIBLE_OPEN_AI_RESPONSES_EDIT_LANGUAGE" description="COM_GETBIBLE_OPEN_AI_RESPONSES_EDIT_LANGUAGE_DESC" />
		<action name="open_ai_response.edit.max_tokens" title="COM_GETBIBLE_OPEN_AI_RESPONSES_EDIT_MAX_TOKENS" description="COM_GETBIBLE_OPEN_AI_RESPONSES_EDIT_MAX_TOKENS_DESC" />
		<action name="open_ai_response.edit.book" title="COM_GETBIBLE_OPEN_AI_RESPONSES_EDIT_BOOK" description="COM_GETBIBLE_OPEN_AI_RESPONSES_EDIT_BOOK_DESC" />
		<action name="open_ai_response.edit.temperature" title="COM_GETBIBLE_OPEN_AI_RESPONSES_EDIT_TEMPERATURE" description="COM_GETBIBLE_OPEN_AI_RESPONSES_EDIT_TEMPERATURE_DESC" />
		<action name="open_ai_response.edit.verse" title="COM_GETBIBLE_OPEN_AI_RESPONSES_EDIT_VERSE" description="COM_GETBIBLE_OPEN_AI_RESPONSES_EDIT_VERSE_DESC" />
		<action name="open_ai_response.edit.top_p" title="COM_GETBIBLE_OPEN_AI_RESPONSES_EDIT_TOP_P" description="COM_GETBIBLE_OPEN_AI_RESPONSES_EDIT_TOP_P_DESC" />
		<action name="open_ai_response.edit.selected_word" title="COM_GETBIBLE_OPEN_AI_RESPONSES_EDIT_SELECTED_WORD" description="COM_GETBIBLE_OPEN_AI_RESPONSES_EDIT_SELECTED_WORD_DESC" />
		<action name="open_ai_response.edit.model" title="COM_GETBIBLE_OPEN_AI_RESPONSES_EDIT_MODEL" description="COM_GETBIBLE_OPEN_AI_RESPONSES_EDIT_MODEL_DESC" />
		<action name="open_ai_response.version" title="COM_GETBIBLE_OPEN_AI_RESPONSES_EDIT_VERSION" description="COM_GETBIBLE_OPEN_AI_RESPONSES_EDIT_VERSION_DESC" />
	</section>
	<section name="open_ai_message">
		<action name="open_ai_message.edit" title="COM_GETBIBLE_OPEN_AI_MESSAGES_EDIT" description="COM_GETBIBLE_OPEN_AI_MESSAGES_EDIT_DESC" />
		<action name="open_ai_message.edit.own" title="COM_GETBIBLE_OPEN_AI_MESSAGES_EDIT_OWN" description="COM_GETBIBLE_OPEN_AI_MESSAGES_EDIT_OWN_DESC" />
		<action name="open_ai_message.edit.state" title="COM_GETBIBLE_OPEN_AI_MESSAGES_EDIT_STATE" description="COM_GETBIBLE_OPEN_AI_MESSAGES_EDIT_STATE_DESC" />
		<action name="open_ai_message.edit.created_by" title="COM_GETBIBLE_OPEN_AI_MESSAGES_EDIT_CREATED_BY" description="COM_GETBIBLE_OPEN_AI_MESSAGES_EDIT_CREATED_BY_DESC" />
		<action name="open_ai_message.edit.created" title="COM_GETBIBLE_OPEN_AI_MESSAGES_EDIT_CREATED_DATE" description="COM_GETBIBLE_OPEN_AI_MESSAGES_EDIT_CREATED_DATE_DESC" />
		<action name="open_ai_message.create" title="COM_GETBIBLE_OPEN_AI_MESSAGES_CREATE" description="COM_GETBIBLE_OPEN_AI_MESSAGES_CREATE_DESC" />
		<action name="open_ai_message.delete" title="COM_GETBIBLE_OPEN_AI_MESSAGES_DELETE" description="COM_GETBIBLE_OPEN_AI_MESSAGES_DELETE_DESC" />
		<action name="open_ai_message.access" title="COM_GETBIBLE_OPEN_AI_MESSAGES_ACCESS" description="COM_GETBIBLE_OPEN_AI_MESSAGES_ACCESS_DESC" />
		<action name="open_ai_message.edit.role" title="COM_GETBIBLE_OPEN_AI_MESSAGES_EDIT_ROLE" description="COM_GETBIBLE_OPEN_AI_MESSAGES_EDIT_ROLE_DESC" />
		<action name="open_ai_message.edit.open_ai_response" title="COM_GETBIBLE_OPEN_AI_MESSAGES_EDIT_OPEN_AI_RESPONSE" description="COM_GETBIBLE_OPEN_AI_MESSAGES_EDIT_OPEN_AI_RESPONSE_DESC" />
		<action name="open_ai_message.edit.prompt" title="COM_GETBIBLE_OPEN_AI_MESSAGES_EDIT_PROMPT" description="COM_GETBIBLE_OPEN_AI_MESSAGES_EDIT_PROMPT_DESC" />
		<action name="open_ai_message.edit.source" title="COM_GETBIBLE_OPEN_AI_MESSAGES_EDIT_SOURCE" description="COM_GETBIBLE_OPEN_AI_MESSAGES_EDIT_SOURCE_DESC" />
		<action name="open_ai_message.edit.content" title="COM_GETBIBLE_OPEN_AI_MESSAGES_EDIT_CONTENT" description="COM_GETBIBLE_OPEN_AI_MESSAGES_EDIT_CONTENT_DESC" />
		<action name="open_ai_message.edit.name" title="COM_GETBIBLE_OPEN_AI_MESSAGES_EDIT_NAME" description="COM_GETBIBLE_OPEN_AI_MESSAGES_EDIT_NAME_DESC" />
		<action name="open_ai_message.edit.index" title="COM_GETBIBLE_OPEN_AI_MESSAGES_EDIT_INDEX" description="COM_GETBIBLE_OPEN_AI_MESSAGES_EDIT_INDEX_DESC" />
		<action name="open_ai_message.version" title="COM_GETBIBLE_OPEN_AI_MESSAGES_EDIT_VERSION" description="COM_GETBIBLE_OPEN_AI_MESSAGES_EDIT_VERSION_DESC" />
	</section>
	<section name="password">
		<action name="password.edit" title="COM_GETBIBLE_PASSWORDS_EDIT" description="COM_GETBIBLE_PASSWORDS_EDIT_DESC" />
		<action name="password.edit.own" title="COM_GETBIBLE_PASSWORDS_EDIT_OWN" description="COM_GETBIBLE_PASSWORDS_EDIT_OWN_DESC" />
		<action name="password.edit.state" title="COM_GETBIBLE_PASSWORDS_EDIT_STATE" description="COM_GETBIBLE_PASSWORDS_EDIT_STATE_DESC" />
		<action name="password.edit.created_by" title="COM_GETBIBLE_PASSWORDS_EDIT_CREATED_BY" description="COM_GETBIBLE_PASSWORDS_EDIT_CREATED_BY_DESC" />
		<action name="password.edit.created" title="COM_GETBIBLE_PASSWORDS_EDIT_CREATED_DATE" description="COM_GETBIBLE_PASSWORDS_EDIT_CREATED_DATE_DESC" />
		<action name="password.create" title="COM_GETBIBLE_PASSWORDS_CREATE" description="COM_GETBIBLE_PASSWORDS_CREATE_DESC" />
		<action name="password.delete" title="COM_GETBIBLE_PASSWORDS_DELETE" description="COM_GETBIBLE_PASSWORDS_DELETE_DESC" />
		<action name="password.access" title="COM_GETBIBLE_PASSWORDS_ACCESS" description="COM_GETBIBLE_PASSWORDS_ACCESS_DESC" />
		<action name="password.edit.name" title="COM_GETBIBLE_PASSWORDS_EDIT_NAME" description="COM_GETBIBLE_PASSWORDS_EDIT_NAME_DESC" />
		<action name="password.edit.linker" title="COM_GETBIBLE_PASSWORDS_EDIT_LINKER" description="COM_GETBIBLE_PASSWORDS_EDIT_LINKER_DESC" />
		<action name="password.edit.guid" title="COM_GETBIBLE_PASSWORDS_EDIT_GUID" description="COM_GETBIBLE_PASSWORDS_EDIT_GUID_DESC" />
		<action name="password.edit.password" title="COM_GETBIBLE_PASSWORDS_EDIT_PASSWORD" description="COM_GETBIBLE_PASSWORDS_EDIT_PASSWORD_DESC" />
		<action name="password.access.password" title="COM_GETBIBLE_PASSWORDS_ACCESS_PASSWORD" description="COM_GETBIBLE_PASSWORDS_ACCESS_PASSWORD_DESC" />
		<action name="password.view.password" title="COM_GETBIBLE_PASSWORDS_VIEW_PASSWORD" description="COM_GETBIBLE_PASSWORDS_VIEW_PASSWORD_DESC" />
	</section>
	<section name="tag">
		<action name="tag.edit" title="COM_GETBIBLE_TAGS_EDIT" description="COM_GETBIBLE_TAGS_EDIT_DESC" />
		<action name="tag.edit.own" title="COM_GETBIBLE_TAGS_EDIT_OWN" description="COM_GETBIBLE_TAGS_EDIT_OWN_DESC" />
		<action name="tag.edit.state" title="COM_GETBIBLE_TAGS_EDIT_STATE" description="COM_GETBIBLE_TAGS_EDIT_STATE_DESC" />
		<action name="tag.edit.created_by" title="COM_GETBIBLE_TAGS_EDIT_CREATED_BY" description="COM_GETBIBLE_TAGS_EDIT_CREATED_BY_DESC" />
		<action name="tag.edit.created" title="COM_GETBIBLE_TAGS_EDIT_CREATED_DATE" description="COM_GETBIBLE_TAGS_EDIT_CREATED_DATE_DESC" />
		<action name="tag.create" title="COM_GETBIBLE_TAGS_CREATE" description="COM_GETBIBLE_TAGS_CREATE_DESC" />
		<action name="tag.delete" title="COM_GETBIBLE_TAGS_DELETE" description="COM_GETBIBLE_TAGS_DELETE_DESC" />
		<action name="tag.access" title="COM_GETBIBLE_TAGS_ACCESS" description="COM_GETBIBLE_TAGS_ACCESS_DESC" />
		<action name="tag.edit.name" title="COM_GETBIBLE_TAGS_EDIT_NAME" description="COM_GETBIBLE_TAGS_EDIT_NAME_DESC" />
		<action name="tag.edit.linker" title="COM_GETBIBLE_TAGS_EDIT_LINKER" description="COM_GETBIBLE_TAGS_EDIT_LINKER_DESC" />
		<action name="tag.edit.access" title="COM_GETBIBLE_TAGS_EDIT_ACCESS" description="COM_GETBIBLE_TAGS_EDIT_ACCESS_DESC" />
		<action name="tag.edit.guid" title="COM_GETBIBLE_TAGS_EDIT_GUID" description="COM_GETBIBLE_TAGS_EDIT_GUID_DESC" />
		<action name="tag.edit.description" title="COM_GETBIBLE_TAGS_EDIT_DESCRIPTION" description="COM_GETBIBLE_TAGS_EDIT_DESCRIPTION_DESC" />
		<action name="tag.version" title="COM_GETBIBLE_TAGS_EDIT_VERSION" description="COM_GETBIBLE_TAGS_EDIT_VERSION_DESC" />
	</section>
	<section name="translation">
		<action name="translation.edit" title="COM_GETBIBLE_TRANSLATIONS_EDIT" description="COM_GETBIBLE_TRANSLATIONS_EDIT_DESC" />
		<action name="translation.edit.own" title="COM_GETBIBLE_TRANSLATIONS_EDIT_OWN" description="COM_GETBIBLE_TRANSLATIONS_EDIT_OWN_DESC" />
		<action name="translation.edit.state" title="COM_GETBIBLE_TRANSLATIONS_EDIT_STATE" description="COM_GETBIBLE_TRANSLATIONS_EDIT_STATE_DESC" />
		<action name="translation.edit.created_by" title="COM_GETBIBLE_TRANSLATIONS_EDIT_CREATED_BY" description="COM_GETBIBLE_TRANSLATIONS_EDIT_CREATED_BY_DESC" />
		<action name="translation.edit.created" title="COM_GETBIBLE_TRANSLATIONS_EDIT_CREATED_DATE" description="COM_GETBIBLE_TRANSLATIONS_EDIT_CREATED_DATE_DESC" />
		<action name="translation.create" title="COM_GETBIBLE_TRANSLATIONS_CREATE" description="COM_GETBIBLE_TRANSLATIONS_CREATE_DESC" />
		<action name="translation.delete" title="COM_GETBIBLE_TRANSLATIONS_DELETE" description="COM_GETBIBLE_TRANSLATIONS_DELETE_DESC" />
		<action name="translation.access" title="COM_GETBIBLE_TRANSLATIONS_ACCESS" description="COM_GETBIBLE_TRANSLATIONS_ACCESS_DESC" />
		<action name="translation.edit.translation" title="COM_GETBIBLE_TRANSLATIONS_EDIT_TRANSLATION" description="COM_GETBIBLE_TRANSLATIONS_EDIT_TRANSLATION_DESC" />
		<action name="translation.edit.abbreviation" title="COM_GETBIBLE_TRANSLATIONS_EDIT_ABBREVIATION" description="COM_GETBIBLE_TRANSLATIONS_EDIT_ABBREVIATION_DESC" />
		<action name="translation.edit.language" title="COM_GETBIBLE_TRANSLATIONS_EDIT_LANGUAGE" description="COM_GETBIBLE_TRANSLATIONS_EDIT_LANGUAGE_DESC" />
		<action name="translation.edit.direction" title="COM_GETBIBLE_TRANSLATIONS_EDIT_DIRECTION" description="COM_GETBIBLE_TRANSLATIONS_EDIT_DIRECTION_DESC" />
		<action name="translation.edit.distribution_history" title="COM_GETBIBLE_TRANSLATIONS_EDIT_DISTRIBUTION_HISTORY" description="COM_GETBIBLE_TRANSLATIONS_EDIT_DISTRIBUTION_HISTORY_DESC" />
		<action name="translation.edit.distribution_about" title="COM_GETBIBLE_TRANSLATIONS_EDIT_DISTRIBUTION_ABOUT" description="COM_GETBIBLE_TRANSLATIONS_EDIT_DISTRIBUTION_ABOUT_DESC" />
		<action name="translation.edit.distribution_license" title="COM_GETBIBLE_TRANSLATIONS_EDIT_DISTRIBUTION_LICENSE" description="COM_GETBIBLE_TRANSLATIONS_EDIT_DISTRIBUTION_LICENSE_DESC" />
		<action name="translation.edit.distribution_source" title="COM_GETBIBLE_TRANSLATIONS_EDIT_DISTRIBUTION_SOURCE" description="COM_GETBIBLE_TRANSLATIONS_EDIT_DISTRIBUTION_SOURCE_DESC" />
		<action name="translation.edit.distribution_sourcetype" title="COM_GETBIBLE_TRANSLATIONS_EDIT_DISTRIBUTION_SOURCETYPE" description="COM_GETBIBLE_TRANSLATIONS_EDIT_DISTRIBUTION_SOURCETYPE_DESC" />
		<action name="translation.edit.distribution_versification" title="COM_GETBIBLE_TRANSLATIONS_EDIT_DISTRIBUTION_VERSIFICATION" description="COM_GETBIBLE_TRANSLATIONS_EDIT_DISTRIBUTION_VERSIFICATION_DESC" />
		<action name="translation.edit.sha" title="COM_GETBIBLE_TRANSLATIONS_EDIT_SHA" description="COM_GETBIBLE_TRANSLATIONS_EDIT_SHA_DESC" />
		<action name="translation.edit.encoding" title="COM_GETBIBLE_TRANSLATIONS_EDIT_ENCODING" description="COM_GETBIBLE_TRANSLATIONS_EDIT_ENCODING_DESC" />
		<action name="translation.edit.distribution_lcsh" title="COM_GETBIBLE_TRANSLATIONS_EDIT_DISTRIBUTION_LCSH" description="COM_GETBIBLE_TRANSLATIONS_EDIT_DISTRIBUTION_LCSH_DESC" />
		<action name="translation.edit.distribution_version_date" title="COM_GETBIBLE_TRANSLATIONS_EDIT_DISTRIBUTION_VERSION_DATE" description="COM_GETBIBLE_TRANSLATIONS_EDIT_DISTRIBUTION_VERSION_DATE_DESC" />
		<action name="translation.edit.distribution_version" title="COM_GETBIBLE_TRANSLATIONS_EDIT_DISTRIBUTION_VERSION" description="COM_GETBIBLE_TRANSLATIONS_EDIT_DISTRIBUTION_VERSION_DESC" />
		<action name="translation.edit.lang" title="COM_GETBIBLE_TRANSLATIONS_EDIT_LANG" description="COM_GETBIBLE_TRANSLATIONS_EDIT_LANG_DESC" />
		<action name="translation.edit.distribution_abbreviation" title="COM_GETBIBLE_TRANSLATIONS_EDIT_DISTRIBUTION_ABBREVIATION" description="COM_GETBIBLE_TRANSLATIONS_EDIT_DISTRIBUTION_ABBREVIATION_DESC" />
	</section>
	<section name="book">
		<action name="book.edit" title="COM_GETBIBLE_BOOKS_EDIT" description="COM_GETBIBLE_BOOKS_EDIT_DESC" />
		<action name="book.edit.own" title="COM_GETBIBLE_BOOKS_EDIT_OWN" description="COM_GETBIBLE_BOOKS_EDIT_OWN_DESC" />
		<action name="book.edit.state" title="COM_GETBIBLE_BOOKS_EDIT_STATE" description="COM_GETBIBLE_BOOKS_EDIT_STATE_DESC" />
		<action name="book.edit.created_by" title="COM_GETBIBLE_BOOKS_EDIT_CREATED_BY" description="COM_GETBIBLE_BOOKS_EDIT_CREATED_BY_DESC" />
		<action name="book.edit.created" title="COM_GETBIBLE_BOOKS_EDIT_CREATED_DATE" description="COM_GETBIBLE_BOOKS_EDIT_CREATED_DATE_DESC" />
		<action name="book.create" title="COM_GETBIBLE_BOOKS_CREATE" description="COM_GETBIBLE_BOOKS_CREATE_DESC" />
		<action name="book.delete" title="COM_GETBIBLE_BOOKS_DELETE" description="COM_GETBIBLE_BOOKS_DELETE_DESC" />
		<action name="book.access" title="COM_GETBIBLE_BOOKS_ACCESS" description="COM_GETBIBLE_BOOKS_ACCESS_DESC" />
		<action name="book.edit.name" title="COM_GETBIBLE_BOOKS_EDIT_NAME" description="COM_GETBIBLE_BOOKS_EDIT_NAME_DESC" />
		<action name="book.edit.abbreviation" title="COM_GETBIBLE_BOOKS_EDIT_ABBREVIATION" description="COM_GETBIBLE_BOOKS_EDIT_ABBREVIATION_DESC" />
		<action name="book.edit.nr" title="COM_GETBIBLE_BOOKS_EDIT_NR" description="COM_GETBIBLE_BOOKS_EDIT_NR_DESC" />
		<action name="book.edit.sha" title="COM_GETBIBLE_BOOKS_EDIT_SHA" description="COM_GETBIBLE_BOOKS_EDIT_SHA_DESC" />
	</section>
	<section name="chapter">
		<action name="chapter.edit" title="COM_GETBIBLE_CHAPTERS_EDIT" description="COM_GETBIBLE_CHAPTERS_EDIT_DESC" />
		<action name="chapter.edit.own" title="COM_GETBIBLE_CHAPTERS_EDIT_OWN" description="COM_GETBIBLE_CHAPTERS_EDIT_OWN_DESC" />
		<action name="chapter.edit.state" title="COM_GETBIBLE_CHAPTERS_EDIT_STATE" description="COM_GETBIBLE_CHAPTERS_EDIT_STATE_DESC" />
		<action name="chapter.edit.created_by" title="COM_GETBIBLE_CHAPTERS_EDIT_CREATED_BY" description="COM_GETBIBLE_CHAPTERS_EDIT_CREATED_BY_DESC" />
		<action name="chapter.edit.created" title="COM_GETBIBLE_CHAPTERS_EDIT_CREATED_DATE" description="COM_GETBIBLE_CHAPTERS_EDIT_CREATED_DATE_DESC" />
		<action name="chapter.create" title="COM_GETBIBLE_CHAPTERS_CREATE" description="COM_GETBIBLE_CHAPTERS_CREATE_DESC" />
		<action name="chapter.delete" title="COM_GETBIBLE_CHAPTERS_DELETE" description="COM_GETBIBLE_CHAPTERS_DELETE_DESC" />
		<action name="chapter.access" title="COM_GETBIBLE_CHAPTERS_ACCESS" description="COM_GETBIBLE_CHAPTERS_ACCESS_DESC" />
		<action name="chapter.edit.name" title="COM_GETBIBLE_CHAPTERS_EDIT_NAME" description="COM_GETBIBLE_CHAPTERS_EDIT_NAME_DESC" />
		<action name="chapter.edit.chapter" title="COM_GETBIBLE_CHAPTERS_EDIT_CHAPTER" description="COM_GETBIBLE_CHAPTERS_EDIT_CHAPTER_DESC" />
		<action name="chapter.edit.book_nr" title="COM_GETBIBLE_CHAPTERS_EDIT_BOOK_NR" description="COM_GETBIBLE_CHAPTERS_EDIT_BOOK_NR_DESC" />
		<action name="chapter.edit.abbreviation" title="COM_GETBIBLE_CHAPTERS_EDIT_ABBREVIATION" description="COM_GETBIBLE_CHAPTERS_EDIT_ABBREVIATION_DESC" />
		<action name="chapter.edit.sha" title="COM_GETBIBLE_CHAPTERS_EDIT_SHA" description="COM_GETBIBLE_CHAPTERS_EDIT_SHA_DESC" />
	</section>
	<section name="verse">
		<action name="verse.edit" title="COM_GETBIBLE_VERSES_EDIT" description="COM_GETBIBLE_VERSES_EDIT_DESC" />
		<action name="verse.edit.own" title="COM_GETBIBLE_VERSES_EDIT_OWN" description="COM_GETBIBLE_VERSES_EDIT_OWN_DESC" />
		<action name="verse.edit.state" title="COM_GETBIBLE_VERSES_EDIT_STATE" description="COM_GETBIBLE_VERSES_EDIT_STATE_DESC" />
		<action name="verse.edit.created_by" title="COM_GETBIBLE_VERSES_EDIT_CREATED_BY" description="COM_GETBIBLE_VERSES_EDIT_CREATED_BY_DESC" />
		<action name="verse.edit.created" title="COM_GETBIBLE_VERSES_EDIT_CREATED_DATE" description="COM_GETBIBLE_VERSES_EDIT_CREATED_DATE_DESC" />
		<action name="verse.create" title="COM_GETBIBLE_VERSES_CREATE" description="COM_GETBIBLE_VERSES_CREATE_DESC" />
		<action name="verse.delete" title="COM_GETBIBLE_VERSES_DELETE" description="COM_GETBIBLE_VERSES_DELETE_DESC" />
		<action name="verse.access" title="COM_GETBIBLE_VERSES_ACCESS" description="COM_GETBIBLE_VERSES_ACCESS_DESC" />
		<action name="verse.edit.book_nr" title="COM_GETBIBLE_VERSES_EDIT_BOOK_NR" description="COM_GETBIBLE_VERSES_EDIT_BOOK_NR_DESC" />
		<action name="verse.edit.chapter" title="COM_GETBIBLE_VERSES_EDIT_CHAPTER" description="COM_GETBIBLE_VERSES_EDIT_CHAPTER_DESC" />
		<action name="verse.edit.verse" title="COM_GETBIBLE_VERSES_EDIT_VERSE" description="COM_GETBIBLE_VERSES_EDIT_VERSE_DESC" />
		<action name="verse.edit.abbreviation" title="COM_GETBIBLE_VERSES_EDIT_ABBREVIATION" description="COM_GETBIBLE_VERSES_EDIT_ABBREVIATION_DESC" />
		<action name="verse.edit.text" title="COM_GETBIBLE_VERSES_EDIT_TEXT" description="COM_GETBIBLE_VERSES_EDIT_TEXT_DESC" />
		<action name="verse.edit.name" title="COM_GETBIBLE_VERSES_EDIT_NAME" description="COM_GETBIBLE_VERSES_EDIT_NAME_DESC" />
	</section>
</access>